{
    "data":{
        "index":{
            "itemSize":1,
            "array":[0,1,2,3,4,5,6,7,8,9,10,11,12,13,7,14,11,6,5,15,3,16,10,9,5,17,12,3,11,10,18,3,10,0,6,19,7,20,8,9,21,16,8,22,23,24,19,25,14,2,21,24,26,27,23,26,25,28,1,29,30,4,31,32,33,34,35,36,37,13,38,32,39,36,35,40,41,30,37,16,35,17,41,38,36,30,37,30,18,37,28,33,39,20,32,42,35,21,39,22,42,43,29,34,28,39,2,28,29,26,44,26,43,44,0,24,1,3,31,4,8,23,25,25,19,8,6,11,12,12,7,6,8,19,6,12,17,13,14,9,11,5,12,15,16,18,10,5,45,17,3,15,11,18,31,3,0,14,6,7,13,20,9,14,21,8,20,22,24,0,19,14,0,2,24,25,26,23,46,26,28,2,1,30,41,4,44,43,42,32,38,36,44,42,34,36,33,32,34,42,32,13,17,38,39,33,36,40,38,41,37,18,16,17,45,41,36,40,30,30,31,18,28,34,33,20,13,32,35,16,21,22,20,42,29,44,34,39,21,2,29,27,26,26,46,43],
            "type":"Uint16Array"
        },
        "attributes":{
            "position":{
                "itemSize":3,
                "array":[-3.63179,0.334389,0.831905,-2.58388,-0.701353,0.831905,-2.58388,0.334389,0.831905,-3.41341,1.55711,0.125701,-2.58388,1.55711,-0.479026,-3.41341,1.55711,-0.479026,-3.62942,0.949085,0.730428,-3.62942,0.949085,-0.479026,-3.74523,0.335115,-0.479026,-3.43063,1.45564,0.831904,-3.41341,1.55711,0.730428,-3.53354,1.45737,0.730427,-3.53354,1.45737,-0.479026,-2.58388,0.949085,-0.479026,-3.52174,0.94781,0.831904,-3.53354,1.45737,0.1257,-2.58388,1.45564,0.831905,-2.58388,1.45737,-0.479026,-2.58388,1.55711,0.730428,-3.74523,0.335115,0.730428,-2.58388,0.335115,-0.479026,-2.58388,0.94781,0.831905,-2.58388,-0.701353,-0.479025,-3.8983,-0.701353,-0.479026,-3.77725,-0.701353,0.831905,-3.8983,-0.701353,0.730428,-2.58388,-0.701353,0.730428,-2.58388,-0.701353,0.831905,-1.53596,0.334389,0.831905,-1.39051,-0.701353,0.831905,-1.75435,1.55711,0.125701,-2.58388,1.55711,0.125701,-1.53834,0.949085,-0.479026,-1.53834,0.949085,0.730428,-1.42252,0.335115,0.730428,-1.73713,1.45564,0.831905,-1.63422,1.45737,0.730428,-1.75435,1.55711,0.730428,-1.63422,1.45737,-0.479026,-1.64602,0.94781,0.831905,-1.63422,1.45737,0.125701,-1.75435,1.55711,-0.479026,-1.42252,0.335115,-0.479025,-1.26945,-0.701353,-0.479025,-1.26945,-0.701353,0.730429,-2.58388,1.55711,-0.479026,-2.58388,-0.701353,-0.479026],
                "type":"Float32Array"
            },
            "normal":{
                "itemSize":3,
                "array":[-0.359508,0.0595111,0.931211,0,0,1,0,0,1,-0.339579,0.94055,0,0,1,0,-0.261452,0.724204,-0.63805,-0.9035,0.168828,0.393902,-0.694845,0.131046,-0.707083,-0.701682,0.117924,-0.702628,-0.317606,0.380108,0.868679,-0.29722,0.893002,0.33787,-0.822993,0.45558,0.339213,-0.663411,0.390606,-0.638173,0,0,-1,-0.367046,0.0673544,0.927732,-0.638813,0.769341,0,0,0.382672,0.923856,0,0,-1,0,0.923856,0.382672,-0.902249,0.149815,0.404279,0,0,-1,0,0,1,0,0,-1,-0.621967,-0.536851,-0.570025,-0.290628,-0.617115,0.731193,-0.748527,-0.572253,0.334941,0,-0.999969,0,0,-1,0,0.359508,0.0595111,0.931211,0.290628,-0.617115,0.731193,0.339579,0.94055,0,0,1,0,0.694845,0.131046,-0.707083,0.9035,0.168828,0.393902,0.902249,0.149815,0.404279,0.317606,0.380108,0.868679,0.822993,0.45558,0.339213,0.29722,0.893002,0.33787,0.663411,0.390606,-0.638173,0.367046,0.0673544,0.927732,0.638813,0.769341,0,0.261452,0.724204,-0.63805,0.701682,0.117924,-0.702628,0.621967,-0.536851,-0.570025,0.748527,-0.572253,0.334941,0,0,-1,0,-1,0],
                "type":"Float32Array"
            }
        }
    },
    "metadata":{
        "position":47,
        "version":3,
        "normal":47,
        "type":"BufferGeometry",
        "generator":"io_three"
    }
}