{
    "faces":[35,14,0,20,44,0,0,1,2,2,35,8,34,25,3,0,3,4,4,5,34,15,6,4,0,6,7,8,34,4,13,11,0,8,9,10,34,11,5,7,0,10,11,12,34,12,15,4,0,13,6,8,34,11,7,12,0,10,12,13,34,4,11,12,0,8,10,13,34,1,2,5,0,14,15,11,35,12,7,21,38,0,13,12,16,16,35,10,1,5,11,0,17,14,11,10,35,8,3,7,9,0,3,5,12,18,35,1,23,22,2,0,14,19,20,15,35,7,3,27,26,0,12,5,16,16,35,2,8,9,5,0,15,3,18,11,35,2,22,34,8,0,15,20,4,3,35,14,10,11,13,0,0,17,10,9,35,15,12,38,43,0,6,13,16,16,35,1,10,39,23,0,14,17,2,19,35,6,15,43,24,0,7,6,16,16,35,0,14,13,4,0,1,0,9,8,35,10,14,44,39,0,17,0,2,2,35,0,4,46,45,0,1,8,21,21,35,4,6,47,46,0,8,7,21,21,35,41,44,20,16,0,22,2,2,23,35,32,19,25,34,0,24,25,4,4,34,28,30,42,0,26,27,28,34,37,31,29,0,28,29,30,34,28,42,37,0,26,28,28,34,36,40,28,0,31,32,26,34,37,29,36,0,28,30,31,34,37,36,28,0,28,31,26,34,17,29,18,0,33,30,34,35,37,38,21,31,0,28,16,16,29,35,35,36,29,17,0,35,31,30,33,35,32,33,31,19,0,24,36,29,25,35,17,18,22,23,0,33,34,20,19,35,31,26,27,19,0,29,16,16,25,35,18,29,33,32,0,34,30,36,24,35,18,32,34,22,0,34,24,4,20,35,41,40,36,35,0,22,32,31,35,35,42,43,38,37,0,28,16,16,28,35,17,23,39,35,0,33,19,2,35,35,30,24,43,42,0,27,16,16,28,35,16,28,40,41,0,23,26,32,22,35,35,39,44,41,0,35,2,2,22,35,16,45,46,28,0,23,21,21,26,35,28,46,47,30,0,26,21,21,27],
    "vertices":[-3.77725,-0.701353,0.831905,-3.43063,1.45564,0.831904,-3.41341,1.55711,0.730428,-3.41341,1.55711,-0.479026,-3.8983,-0.701353,0.730428,-3.53354,1.45737,0.730427,-3.8983,-0.701353,-0.479026,-3.53354,1.45737,-0.479026,-3.41341,1.55711,0.125701,-3.53354,1.45737,0.1257,-3.52174,0.94781,0.831904,-3.62942,0.949085,0.730428,-3.62942,0.949085,-0.479026,-3.74523,0.335115,0.730428,-3.63179,0.334389,0.831905,-3.74523,0.335115,-0.479026,-1.39051,-0.701353,0.831905,-1.73713,1.45564,0.831905,-1.75435,1.55711,0.730428,-1.75435,1.55711,-0.479026,-2.58388,-0.701353,0.831905,-2.58388,1.45737,-0.479026,-2.58388,1.55711,0.730428,-2.58388,1.45564,0.831905,-2.58388,-0.701353,-0.479025,-2.58388,1.55711,-0.479026,-2.58388,1.45737,-0.479026,-2.58388,1.55711,-0.479026,-1.26945,-0.701353,0.730429,-1.63422,1.45737,0.730428,-1.26945,-0.701353,-0.479025,-1.63422,1.45737,-0.479026,-1.75435,1.55711,0.125701,-1.63422,1.45737,0.125701,-2.58388,1.55711,0.125701,-1.64602,0.94781,0.831905,-1.53834,0.949085,0.730428,-1.53834,0.949085,-0.479026,-2.58388,0.949085,-0.479026,-2.58388,0.94781,0.831905,-1.42252,0.335115,0.730428,-1.53596,0.334389,0.831905,-1.42252,0.335115,-0.479025,-2.58388,0.335115,-0.479026,-2.58388,0.334389,0.831905,-2.58388,-0.701353,0.831905,-2.58388,-0.701353,0.730428,-2.58388,-0.701353,-0.479026],
    "uvs":[],
    "materials":[{
        "colorDiffuse":[0.8,0,0],
        "DbgName":"Material",
        "opacity":1,
        "depthTest":true,
        "specularCoef":50,
        "DbgColor":15658734,
        "colorSpecular":[0.5,0.5,0.5],
        "colorEmissive":[0,0,0],
        "transparent":false,
        "DbgIndex":0,
        "shading":"phong",
        "doubleSided":false,
        "depthWrite":true,
        "wireframe":false,
        "visible":true,
        "blending":"NormalBlending"
    }],
    "normals":[-0.358226,0.0593585,0.93173,-0.295389,-0.618152,0.728416,0,0,1,-0.339579,0.94055,0,0,1,0,-0.261452,0.724204,-0.63805,-0.697195,0.117801,-0.707083,-0.624989,-0.528245,-0.574694,-0.755242,-0.565142,0.331919,-0.900815,0.149968,0.407453,-0.905362,0.158513,0.393902,-0.824274,0.451369,0.341716,-0.666158,0.383709,-0.639485,-0.697165,0.117801,-0.707144,-0.314859,0.380108,0.869686,-0.29722,0.893002,0.33787,0,0,-1,-0.3661,0.0673544,0.928129,-0.638813,0.769341,0,0,0.382672,0.923856,0,0.923856,0.382672,0,-1,0,0.358226,0.0593585,0.93173,0.295389,-0.618152,0.728416,0.339579,0.94055,0,0.261452,0.724204,-0.63805,0.755242,-0.565142,0.331919,0.624989,-0.528245,-0.574694,0.697195,0.117801,-0.707083,0.666158,0.383709,-0.639485,0.824274,0.451369,0.341716,0.905362,0.158513,0.393902,0.900815,0.149968,0.407453,0.314859,0.380108,0.869686,0.29722,0.893002,0.33787,0.3661,0.0673544,0.928129,0.638813,0.769341,0],
    "influencesPerVertex":2,
    "metadata":{
        "version":3,
        "faces":48,
        "vertices":48,
        "generator":"io_three",
        "uvs":0,
        "materials":1,
        "normals":37,
        "type":"Geometry"
    },
    "skinWeights":[],
    "skinIndices":[]
}